;true_label;pred_label;Text
0;NOTISSUE;ISSUE;not be happier
1;NOTISSUE;ISSUE;be look headset long time have get
2;ISSUE;NOTISSUE;picture resolution be far comparablypriced phone offer today
3;NOTISSUE;ISSUE;prompt service
4;NOTISSUE;ISSUE;please headset
5;NOTISSUE;ISSUE;do not make mistake do
6;NOTISSUE;ISSUE;sanyo have survive dozen drop blackton ill effect
7;NOTISSUE;ISSUE;find cell phone right away enter car
8;ISSUE;NOTISSUE;low quality
9;NOTISSUE;ISSUE;do not find it bad again unit come one arpad only not recommend anyone
10;NOTISSUE;ISSUE;have get defect not risk buy again build quality alone
11;NOTISSUE;ISSUE;be nothing bad say headset
12;NOTISSUE;ISSUE;be glad find product amazon be hard find be not high price
13;NOTISSUE;ISSUE;no buyer remorse one
14;NOTISSUE;ISSUE;update procedure be difficult cumbersome
15;NOTISSUE;ISSUE;delivery be time
16;ISSUE;NOTISSUE;like return it
17;NOTISSUE;ISSUE;keyboard be worthwhile usefulness be sturdy do not expect problem
18;NOTISSUE;ISSUE;not regret it
19;ISSUE;NOTISSUE;pretty piece junk
20;NOTISSUE;ISSUE;work describe
21;NOTISSUE;ISSUE;bose noise cancel be amaze be important nec commuter
22;NOTISSUE;ISSUE;great no problem all
23;NOTISSUE;ISSUE;sound be clear people talk amaze quality too
24;NOTISSUE;ISSUE;end slide edge pant back pocket instead
25;ISSUE;NOTISSUE;unfortunately be easy accidentally activate gentletouch button accidentally touch phone face listen
26;NOTISSUE;ISSUE;no shift no bubble no peel not scratch
27;NOTISSUE;ISSUE;not be more happier new one droid
28;NOTISSUE;ISSUE;virgin wireless rock do cheap little phone
29;NOTISSUE;ISSUE;please do not waste money
30;ISSUE;NOTISSUE;look good quality headset keep look be not it
31;NOTISSUE;ISSUE;no problem come time expect
32;ISSUE;NOTISSUE;be fourth bluetooth headset
33;ISSUE;NOTISSUE;hat
34;NOTISSUE;ISSUE;fix problem
35;NOTISSUE;ISSUE;have have no trouble access internet download intone perform function
36;NOTISSUE;ISSUE;do everything description say would
37;NOTISSUE;ISSUE;play louder speaker size price be low think quality be lack however be not
38;NOTISSUE;ISSUE;link phone effort
39;NOTISSUE;ISSUE;research development division obviously know do
40;NOTISSUE;ISSUE;be cheap feel look cheap
41;NOTISSUE;ISSUE;like design look cabra be ear headset five thousand twenty be pretty comfortable wear twenty-four hour day pain ear
42;NOTISSUE;ISSUE;worst phone samsung crap crappy samsung be worst have see
43;ISSUE;NOTISSUE;need better instruction
44;ISSUE;NOTISSUE;need two hand operate screen this software interface be decade old compete new software design
45;NOTISSUE;ISSUE;case have try normally fall apart month one seem be long haul
46;NOTISSUE;ISSUE;do not bother go store
47;NOTISSUE;ISSUE;not have problem item order again need
48;NOTISSUE;ISSUE;windresistant
49;NOTISSUE;ISSUE;obviously have terrible customer service get pay for
50;NOTISSUE;ISSUE;it not overly expensive replace
51;NOTISSUE;ISSUE;link have way exchange bad phone return unit something
52;NOTISSUE;ISSUE;do everything more
53;NOTISSUE;ISSUE;ear occupy background be not distract all
54;NOTISSUE;ISSUE;come strong light use light camera shot flash so signal seriously
55;ISSUE;NOTISSUE;near hear conversation
56;NOTISSUE;ISSUE;be cool case open allow screen get scratch up one
57;NOTISSUE;ISSUE;appear actually outperform original battery china come
58;ISSUE;NOTISSUE;store phone number sim
59;NOTISSUE;ISSUE;phone do not slide car grip prevent phone slip hand
60;NOTISSUE;ISSUE;case have pas one year mark show sign wear be functional
61;NOTISSUE;ISSUE;have everything need not ask more
62;NOTISSUE;ISSUE;arrive quickly expensive be sell
63;ISSUE;NOTISSUE;buy mainly charger break soon purchase
64;NOTISSUE;ISSUE;blue ant be easy use
65;NOTISSUE;ISSUE;be pleasantly suprised give low cost item
66;ISSUE;NOTISSUE;sound quality be excellent well
67;ISSUE;NOTISSUE;particular model not work motorola smartphone
68;ISSUE;NOTISSUE;addition feel camp look phone be lightweight cheap plastic
69;ISSUE;NOTISSUE;want plantronics five ten be right one have issue me the good
70;NOTISSUE;ISSUE;do not think hold securely belt
71;NOTISSUE;ISSUE;be great tool entertainment communication data management oh be sure use activesync optimal data synchronization result
72;NOTISSUE;ISSUE;two case order another
73;ISSUE;NOTISSUE;internet access be fine rare instance work
74;NOTISSUE;ISSUE;good quality bargain buy buy cheap big lot sound awful people end not hear me
75;ISSUE;NOTISSUE;think be get good deal plug phone see razor
76;NOTISSUE;ISSUE;two thumb seller
77;NOTISSUE;ISSUE;battery have no life
78;NOTISSUE;ISSUE;product be exactly describe
79;NOTISSUE;ISSUE;plan order again again
80;NOTISSUE;ISSUE;have be satisfy cell phone day one
81;ISSUE;NOTISSUE;not good price
82;NOTISSUE;ISSUE;have read other review have not have problem it
83;ISSUE;NOTISSUE;product cover important light sensor ear outlet
84;ISSUE;NOTISSUE;time buy you
85;NOTISSUE;ISSUE;be please see replace well trail swivel holster blackberry flip
86;NOTISSUE;ISSUE;seem completely secure hold belt keep phone inside
87;NOTISSUE;ISSUE;be pair phone not be happier far
88;NOTISSUE;ISSUE;be loud glad say plantronics five ten maintain flawless connection cell no static normal use
89;ISSUE;NOTISSUE;not nearly good look amazon picture make look
90;NOTISSUE;ISSUE;despite flaw case be exceptional quality well worth additional cost own official oem product
91;NOTISSUE;ISSUE;hear be drive car usually do not have be loudest set
92;NOTISSUE;ISSUE;buy ten save lot money
93;NOTISSUE;ISSUE;get extra minute carry call not get cut off
94;NOTISSUE;ISSUE;like fact rest lightly ear inside
95;NOTISSUE;ISSUE;lot webster have be rat good phone do
96;NOTISSUE;ISSUE;otherwise easy install use clear sound
97;ISSUE;NOTISSUE;have purchase different case
98;ISSUE;NOTISSUE;button small
99;NOTISSUE;ISSUE;like product motorola be allot clearer ear piece mic
100;NOTISSUE;ISSUE;be impress price case
101;NOTISSUE;ISSUE;make easier hold to
102;NOTISSUE;ISSUE;fit securely ear hook do not need be use sound be better direct ear canal
103;NOTISSUE;ISSUE;have this
104;NOTISSUE;ISSUE;have be work good no problem
105;NOTISSUE;ISSUE;sorry
106;NOTISSUE;ISSUE;be sorry
107;ISSUE;NOTISSUE;work
108;NOTISSUE;ISSUE;have be busy
109;NOTISSUE;ISSUE;go back again
110;ISSUE;NOTISSUE;think be yesterday
111;NOTISSUE;ISSUE;do think get one
112;NOTISSUE;ISSUE;be one thing want talk
113;NOTISSUE;ISSUE;well honestly do not know have not be discussion
114;NOTISSUE;ISSUE;course be come tomorrow
115;NOTISSUE;ISSUE;mean be young man
116;NOTISSUE;ISSUE;goodbye
117;NOTISSUE;ISSUE;do need money urgently
118;NOTISSUE;ISSUE;be business
119;NOTISSUE;ISSUE;be work day
120;NOTISSUE;ISSUE;do work
121;NOTISSUE;ISSUE;be be work day
122;NOTISSUE;ISSUE;glad pay money it
123;ISSUE;NOTISSUE;finally get product send mac version personal computer version purchase
124;NOTISSUE;ISSUE;do not have problem software
125;NOTISSUE;ISSUE;decide give try
126;ISSUE;NOTISSUE;probably not recommend be source learn guitar
127;ISSUE;NOTISSUE;look create doom half-life recommend program
128;NOTISSUE;ISSUE;dark basic make manipulate data extremely easy
129;NOTISSUE;ISSUE;compare old earlier version offer major improvement
130;NOTISSUE;ISSUE;be evolution
131;NOTISSUE;ISSUE;do offer major improvement flexibility previous version
132;ISSUE;NOTISSUE;be go bye-bye
133;NOTISSUE;ISSUE;be please product
134;NOTISSUE;ISSUE;have trial version instal computer buy it
135;NOTISSUE;ISSUE;have do be enter code box be be
136;NOTISSUE;ISSUE;be glad be able install more one computer
137;NOTISSUE;ISSUE;instal software
138;NOTISSUE;ISSUE;run lot faster
139;NOTISSUE;ISSUE;access corporate entrant
140;NOTISSUE;ISSUE;usually go disc want attempt
141;NOTISSUE;ISSUE;child love do too
142;NOTISSUE;ISSUE;not use product purpose
143;NOTISSUE;ISSUE;anti-virus find problem personal computer fix you
144;NOTISSUE;ISSUE;anti-virus clean unneeded file
145;NOTISSUE;ISSUE;no problem far better feature
146;NOTISSUE;ISSUE;find be helpful be get rusty
147;NOTISSUE;ISSUE;be like listen actual french speaker
148;NOTISSUE;ISSUE;do have version word phrase make easier sound out
149;ISSUE;NOTISSUE;click have sound you
150;NOTISSUE;ISSUE;experience product say get quickly
151;ISSUE;NOTISSUE;give one star
152;ISSUE;NOTISSUE;guy work be ashamed
153;ISSUE;NOTISSUE;be embarrassment company family
154;NOTISSUE;ISSUE;actually kind wish have one
155;NOTISSUE;ISSUE;regularly use number vary program visit logic audio miss office
156;ISSUE;NOTISSUE;have difficulty demonstrate complex concept
157;NOTISSUE;ISSUE;advice be this do not buy it
158;NOTISSUE;ISSUE;glad pay money it
159;NOTISSUE;ISSUE;have no problem
160;ISSUE;NOTISSUE;find be not best software package world
161;NOTISSUE;ISSUE;be cheap
162;NOTISSUE;ISSUE;gps system have redeem quality
163;NOTISSUE;ISSUE;use mile trip
164;ISSUE;NOTISSUE;be tire on
165;NOTISSUE;ISSUE;word document easy convert pdf
166;ISSUE;NOTISSUE;current model process program available
167;ISSUE;NOTISSUE;give favorable rat time
168;NOTISSUE;ISSUE;have be worth money
169;ISSUE;NOTISSUE;hard figure use music converter photo stuff
170;NOTISSUE;ISSUE;dad run do player
171;NOTISSUE;ISSUE;be one live without
172;ISSUE;NOTISSUE;think be great product have
173;NOTISSUE;ISSUE;like analog convertor much
174;NOTISSUE;ISSUE;program convert input digital format
175;ISSUE;NOTISSUE;song record slowly
176;NOTISSUE;ISSUE;have no problem fireball
177;NOTISSUE;ISSUE;have no problem
178;NOTISSUE;ISSUE;staff answer question
179;NOTISSUE;ISSUE;read previously write review
180;ISSUE;NOTISSUE;have listen review
181;ISSUE;NOTISSUE;graphic be far best game
182;ISSUE;NOTISSUE;talented carrell save this
183;ISSUE;NOTISSUE;be absolutely no warmth charm scene character
184;ISSUE;NOTISSUE;performance not improve improvisation actor have twice worry about not deliver line well line be good
185;ISSUE;NOTISSUE;and honestly not good
186;ISSUE;NOTISSUE;be horrendous
187;ISSUE;NOTISSUE;hour half wish bring back
188;ISSUE;NOTISSUE;direct cinematography not good
189;ISSUE;NOTISSUE;all great disappointment
190;ISSUE;NOTISSUE;central theme film handle ineptly stereotypically no depth imagination
191;ISSUE;NOTISSUE;yeah movie pretty suck
192;ISSUE;NOTISSUE;everything be appal
193;ISSUE;NOTISSUE;lead man be charismafree
194;ISSUE;NOTISSUE;highly recommend
195;ISSUE;NOTISSUE;close up
196;ISSUE;NOTISSUE;film be way long
197;ISSUE;NOTISSUE;do not see enjoy movie
198;ISSUE;NOTISSUE;be chilly unremarkable movie author living/working chilly abstruse culture
199;ISSUE;NOTISSUE;rest sit be awful soldier sing song masculinity pledge to hairsplitting purity admiration sword etc
200;ISSUE;NOTISSUE;movie lack visual interest drama expression feel celebration patriotism underline narrative
201;ISSUE;NOTISSUE;cinematography be call thatsucked
202;ISSUE;NOTISSUE;be force like everything movie
203;ISSUE;NOTISSUE;be translate movie live be movie year work experience find offensive intelligence
204;ISSUE;NOTISSUE;one more thing tolerate political correctness well be artistic freedom suspension disbelief slavic female character be much
205;ISSUE;NOTISSUE;not laugh smile once
206;ISSUE;NOTISSUE;guy say be have better dialogue pot plant have right
207;ISSUE;NOTISSUE;consider relation screen taylor stanwyck be surprise little chemistry be screen two them
208;ISSUE;NOTISSUE;direct be sloppy best
209;ISSUE;NOTISSUE;act cast be scale balance perfectly operate interact
210;ISSUE;NOTISSUE;unconvincing cardboard character be blandly write edward chodorow produce be surprisingly direct jean negulesco one expect great deal more
211;ISSUE;NOTISSUE;prompt documentary be me
212;ISSUE;NOTISSUE;be terribly disappoint film receive award accolade especially far more deserve work film there
213;ISSUE;NOTISSUE;originality freshness movie spend remake have little offer
214;ISSUE;NOTISSUE;fail convey broad sweep landscape great original
215;ISSUE;NOTISSUE;omit watch this
216;ISSUE;NOTISSUE;fat computer geek be unbelievable bible thumper bass girl actor
217;ISSUE;NOTISSUE;story unbelievable actor
218;ISSUE;NOTISSUE;find better movie couture
219;ISSUE;NOTISSUE;be not achievement sobadit good sobadit memorable movie
220;ISSUE;NOTISSUE;be film make
221;ISSUE;NOTISSUE;film have ultracheap look it
222;ISSUE;NOTISSUE;place good film be garbage
223;ISSUE;NOTISSUE;trouble be write direct make impossible establish thing make movie watchable like character story theme on
224;ISSUE;NOTISSUE;hat it
225;ISSUE;NOTISSUE;have see soap opera more intelligent movie
226;NOTISSUE;ISSUE;be right case movie deliver everything right face
227;NOTISSUE;ISSUE;think no film vitally important occur minute
228;NOTISSUE;ISSUE;word content level film be easily fill dozen film
229;NOTISSUE;ISSUE;massive level massive unworkable character be massive game
230;NOTISSUE;ISSUE;film succeed despite of obviously meagre budget
231;NOTISSUE;ISSUE;be hard not fall headoverheels love girl
232;NOTISSUE;ISSUE;totally believable
233;NOTISSUE;ISSUE;anne hecht be utterly convince
234;NOTISSUE;ISSUE;be movie need word-of-mouth promote be it
235;NOTISSUE;ISSUE;definitely worth check out
236;NOTISSUE;ISSUE;do not think be disappoint
237;NOTISSUE;ISSUE;term write be fresh bold
238;NOTISSUE;ISSUE;rock world be certainly see no social physical outlet
239;NOTISSUE;ISSUE;still do like movie be empowerment woman be not movie like one
240;NOTISSUE;ISSUE;performance be simply genius
241;NOTISSUE;ISSUE;thing consider job well do
242;NOTISSUE;ISSUE;use colour french flag film be nothing short incredible shoot scene be like work art
243;NOTISSUE;ISSUE;have mention be huge spoiler love end character film remain survivor ferry disaster valentine young judge together old man watch tv solidify happiness suffer deal year
244;NOTISSUE;ISSUE;think be one people find one roth pearl
245;NOTISSUE;ISSUE;enjoyment get see run around play game be dangerous
246;NOTISSUE;ISSUE;telephone repair man be funny reaction nut crazy bos truly genuine
247;NOTISSUE;ISSUE;never forget now
248;NOTISSUE;ISSUE;kid cool too
249;NOTISSUE;ISSUE;do not know exactly be movie latch endear movie have become special family memory
250;NOTISSUE;ISSUE;more interest more action more suspense unneeded controversy
251;NOTISSUE;ISSUE;be use exemplar set designer
252;NOTISSUE;ISSUE;still be set get big over scale
253;NOTISSUE;ISSUE;believe screenwriter good job tie loose end
254;NOTISSUE;ISSUE;score be plot
255;NOTISSUE;ISSUE;not say more do not like spoiler do not want be one believe film be worth time
256;NOTISSUE;ISSUE;be deeply impress character play
257;NOTISSUE;ISSUE;movie contain all-star cast love be open eye see actor have not see before
258;NOTISSUE;ISSUE;lifetime do not air enough know store sell let know be gustave
259;NOTISSUE;ISSUE;totally different load understatement black comedy be film get see do remember it
260;NOTISSUE;ISSUE;later find lose power film
261;NOTISSUE;ISSUE;that be worth check out
262;NOTISSUE;ISSUE;character funny have peculiarity not have true lead character
263;NOTISSUE;ISSUE;single character be hilarious deserve be call lead
264;NOTISSUE;ISSUE;character interest want find more longer movie go on think people be surprise do do not make it
265;NOTISSUE;ISSUE;do not miss it
266;NOTISSUE;ISSUE;not regret it
267;NOTISSUE;ISSUE;be one movie need see come tv never mind fact have memorize
268;NOTISSUE;ISSUE;think act be skilled
269;NOTISSUE;ISSUE;be rare filmmaker take time tell worthy moral tale care love do not fall trap be overly syrupy indulgent
270;NOTISSUE;ISSUE;movie be interest begin end
271;NOTISSUE;ISSUE;movie be reveal
272;NOTISSUE;ISSUE;not forget movie
273;NOTISSUE;ISSUE;understate film leave last impression
274;NOTISSUE;ISSUE;struggle find bad say it
275;NOTISSUE;ISSUE;movie be possibly one creative work horror ever
276;NOTISSUE;ISSUE;have everything want suspense drama comedy confuse sub-plots native american brain eat look ball endill brainsucking movie look no further
277;NOTISSUE;ISSUE;film not easily forget
278;NOTISSUE;ISSUE;one unforgettable character see movie recent year
279;NOTISSUE;ISSUE;be one movie never cease interest me simply keep alert try attempt decipher be mean
280;NOTISSUE;ISSUE;be particularly please act ability
281;NOTISSUE;ISSUE;track command sentiment actually contribute scene character
282;NOTISSUE;ISSUE;definitely worth see be sort think provoke film force question threshold loneliness
283;NOTISSUE;ISSUE;service be prompt
284;NOTISSUE;ISSUE;find place accident not be happier
285;NOTISSUE;ISSUE;greek salad greek dress be tasty pity hummus be refresh
286;NOTISSUE;ISSUE;come run realize husband have leave sunglass table
287;NOTISSUE;ISSUE;portion be huge
288;ISSUE;NOTISSUE;service be me
289;ISSUE;NOTISSUE;scallop dish be appal value well
290;NOTISSUE;ISSUE;meet die for
291;ISSUE;NOTISSUE;say bye bye tip lady
292;NOTISSUE;ISSUE;be back again
293;NOTISSUE;ISSUE;food arrive quickly
294;NOTISSUE;ISSUE;go back trip out
295;ISSUE;NOTISSUE;have have better atmosphere
296;ISSUE;NOTISSUE;be extremely rude really restaurant love dine weekend vega
297;NOTISSUE;ISSUE;nice blanket moz feel like be cover sub-par food
298;NOTISSUE;ISSUE;franc come middle day greet seat right away
299;NOTISSUE;ISSUE;be seat immediately
300;NOTISSUE;ISSUE;restaurant be never wait
301;ISSUE;NOTISSUE;be vega fine din use be right menu hand lady have no price list
302;NOTISSUE;ISSUE;lordy khan so be dish be not be miss curry lover
303;NOTISSUE;ISSUE;not weekly haunt definitely place come back while
304;NOTISSUE;ISSUE;check voice mail night keypad backlight turn second message be lose
305;NOTISSUE;ISSUE;light weight hardly notice be there
306;ISSUE;NOTISSUE;all expect better consumer experience motorola
307;NOTISSUE;ISSUE;usually do not like headband one be lightweight do not mess hair
308;NOTISSUE;ISSUE;battery be completely useless me
309;NOTISSUE;ISSUE;do not waste one
310;NOTISSUE;ISSUE;do not make mistake me
311;NOTISSUE;ISSUE;do not waste money
312;NOTISSUE;ISSUE;avoid one can
313;NOTISSUE;ISSUE;item be great instal it let charge overtime have be work good no problem
314;NOTISSUE;ISSUE;work great cat attack phone scratch protective strip instead destroy screen
315;NOTISSUE;ISSUE;customer service be terrible
316;NOTISSUE;ISSUE;know make wise decision
317;NOTISSUE;ISSUE;should invent sooner
318;NOTISSUE;ISSUE;slim fit alarm clock dock station remove case
319;NOTISSUE;ISSUE;phone hold charge like be new
320;NOTISSUE;ISSUE;battery be unreliable well service use antenna
321;NOTISSUE;ISSUE;be definitely have state do not allow cell phone usage drive
322;NOTISSUE;ISSUE;be able do voice deal car no problem
323;NOTISSUE;ISSUE;amazon suck
324;NOTISSUE;ISSUE;fit comfortably ear sound be clear loud charge last couple day
325;NOTISSUE;ISSUE;clear quality sound do not have mess sound pod have sound button headset
326;NOTISSUE;ISSUE;long last battery you do not have recharge frequently flip phone
327;NOTISSUE;ISSUE;little device have transform organizational capability make life lot easier
328;NOTISSUE;ISSUE;jerk phone
329;NOTISSUE;ISSUE;thing think improve be sound leak headset
330;ISSUE;NOTISSUE;phone get extremely hot
331;ISSUE;NOTISSUE;microphone work well accord people have call amplify everything
332;ISSUE;NOTISSUE;network connectivity issue install
333;ISSUE;NOTISSUE;make game experience better
334;ISSUE;NOTISSUE;help
335;ISSUE;NOTISSUE;save great deal grief avoid product
336;ISSUE;NOTISSUE;amazon be terrific
337;NOTISSUE;ISSUE;be user license
338;NOTISSUE;ISSUE;not bad
339;NOTISSUE;ISSUE;probably make ill
340;ISSUE;NOTISSUE;be incredibly difficult peel back
341;ISSUE;NOTISSUE;be go have attach piece neoprene similar make more comfortable have lap
342;ISSUE;NOTISSUE;cross pen real favorite
343;NOTISSUE;ISSUE;write cross pen feel little more luxurious pen have last year
344;NOTISSUE;ISSUE;zero issue
345;NOTISSUE;ISSUE;record blood pressure morning time after get night sleep
346;NOTISSUE;ISSUE;use exercise equipment forty-five minute stretch exercise breakfast fifteen minute desperate devise
347;NOTISSUE;ISSUE;blood pressure have not change significantly six month continue take blood pressure medicine
348;NOTISSUE;ISSUE;meditation do thing buy tape take class
349;NOTISSUE;ISSUE;have use repeatedly past month major problem
350;NOTISSUE;ISSUE;replace battery send unit solve problem
351;NOTISSUE;ISSUE;have no problem far
352;NOTISSUE;ISSUE;have be shaver two week have not have problem it
353;NOTISSUE;ISSUE;be easy use clean have have charge far
354;NOTISSUE;ISSUE;roll wheel have no function me do not get way
355;NOTISSUE;ISSUE;be functional not poorly make
356;NOTISSUE;ISSUE;do love item have be failure day arrive have not have significant problem highly recommend anyone
357;NOTISSUE;ISSUE;be accurate far have agree monitor have check against
358;NOTISSUE;ISSUE;have never have problem
359;NOTISSUE;ISSUE;little tip end problem bleed gum
360;NOTISSUE;ISSUE;take fifteen minute together not have problem
361;NOTISSUE;ISSUE;have be please product be solid cut problem
362;NOTISSUE;ISSUE;product have take care problem
363;NOTISSUE;ISSUE;handle issue throw them
364;NOTISSUE;ISSUE;leave skin very clean soft
365;NOTISSUE;ISSUE;dryness warn have never be issue me
366;ISSUE;NOTISSUE;nice price tap issue
367;NOTISSUE;ISSUE;be time take care health
368;NOTISSUE;ISSUE;plus side glass not fall bend forward
369;NOTISSUE;ISSUE;do produce great result get past issue
370;ISSUE;NOTISSUE;like new soft elegant appearance feel hair be healthier
371;NOTISSUE;ISSUE;clear issue
372;NOTISSUE;ISSUE;thing have try have completely eradicate issue
373;NOTISSUE;ISSUE;iron do not get hot be not danger burn hair
374;ISSUE;NOTISSUE;like reviewer be have issue
375;NOTISSUE;ISSUE;no issue two week use
376;ISSUE;NOTISSUE;day poor customer service be wonderful
377;ISSUE;NOTISSUE;work great be bigger expect
378;NOTISSUE;ISSUE;have have zero issue clean up
379;NOTISSUE;ISSUE;like have be have problem heel have pretty eliminate problem
380;ISSUE;NOTISSUE;be not sure joey be vote best hot dog valley reader phoenix magazine
381;ISSUE;NOTISSUE;have be night place
382;ISSUE;NOTISSUE;description say yum yum sauce say eel sauce say spicy mayo well none roll have sauce them
383;ISSUE;NOTISSUE;tough short flavor
384;ISSUE;NOTISSUE;vegetarian platter be world
385;NOTISSUE;ISSUE;go wrong food here
386;ISSUE;NOTISSUE;have have better not dedicate bob tea spot jenni pho
387;NOTISSUE;ISSUE;goat taco not skimp meat wow flavor
388;NOTISSUE;ISSUE;go bach burger friend recommendation be not disappoint
389;NOTISSUE;ISSUE;consider two leave happy go wrong
390;NOTISSUE;ISSUE;bread be make inhouse
391;NOTISSUE;ISSUE;not be disappoint
392;ISSUE;NOTISSUE;go far place have never see restaurant serve one egg breakfast especially
393;ISSUE;NOTISSUE;be worth drive tucson
394;ISSUE;NOTISSUE;wife have lobster bisque soup be lukewarm
395;NOTISSUE;ISSUE;come hungry leave happy stuff
396;NOTISSUE;ISSUE;assure not be disappoint
397;NOTISSUE;ISSUE;time go think quickly become regular
398;ISSUE;NOTISSUE;have try like place time think them
399;NOTISSUE;ISSUE;no complaint
400;ISSUE;NOTISSUE;order appetiser take forty minute pizza ten minute
401;NOTISSUE;ISSUE;like steiner be dark feel like bar
402;NOTISSUE;ISSUE;take business dinner dollar elsewhere
403;NOTISSUE;ISSUE;be vega buffet not disappoint
404;ISSUE;NOTISSUE;selection food be not best
405;NOTISSUE;ISSUE;be not small family restaurant be fine din establishment
406;NOTISSUE;ISSUE;be back time soon
407;NOTISSUE;ISSUE;point finger item menu order not be disappoint
408;NOTISSUE;ISSUE;have not go go now
409;NOTISSUE;ISSUE;be time wait next
410;NOTISSUE;ISSUE;terrible management
411;NOTISSUE;ISSUE;worst martini ever
412;NOTISSUE;ISSUE;yellowtail capriccio be melt mouth fresh
413;NOTISSUE;ISSUE;night be second time din be happy decide go back
414;ISSUE;NOTISSUE;dessert bite strange
415;NOTISSUE;ISSUE;boyfriend come time recent trip vega not have be more please quality food service
416;NOTISSUE;ISSUE;do recommend place go wrong dont place
417;ISSUE;NOTISSUE;salad have bland vinaigrette baby green heart palm
418;ISSUE;NOTISSUE;recently witness poor quality management towards guest well
419;NOTISSUE;ISSUE;rat
420;ISSUE;NOTISSUE;look authentic thai food go where
421;ISSUE;NOTISSUE;be pale color instead nice character have no flavor
422;NOTISSUE;ISSUE;be regular stop trip phoenix
423;NOTISSUE;ISSUE;not ask more satisfy meal
424;NOTISSUE;ISSUE;make drive way north scottsdale be not one bite disappoint
425;NOTISSUE;ISSUE;grill chicken be tender yellow saffron season
426;ISSUE;NOTISSUE;grandmother make roast chicken better one
427;NOTISSUE;ISSUE;be prove dead wrong sushi bar not quality be great service be fast food impeccable
428;ISSUE;NOTISSUE;be not fun experience
429;NOTISSUE;ISSUE;chef be generous time even come twice take picture him
430;NOTISSUE;ISSUE;promise not disappoint
431;NOTISSUE;ISSUE;wait go back
432;ISSUE;NOTISSUE;staff spend more time talk me
433;NOTISSUE;ISSUE;say mouth belly please
434;NOTISSUE;ISSUE;two thumb up
435;NOTISSUE;ISSUE;one bite be hook
436;NOTISSUE;ISSUE;one nice thing be add gratuity bill party be larger six not expect more tip that
437;ISSUE;NOTISSUE;fly be apple juice fly
438;NOTISSUE;ISSUE;never have complain here
439;ISSUE;NOTISSUE;be way fry
440;NOTISSUE;ISSUE;wonton thin not thick chewy melt mouth
441;NOTISSUE;ISSUE;be town definitely be spot hit again
442;ISSUE;NOTISSUE;freeze margarita way sugary taste
443;NOTISSUE;ISSUE;do not have word say place do everything pretty well
444;NOTISSUE;ISSUE;receive pity be huge have lot meat thumb there
445;ISSUE;NOTISSUE;food arrive be me
446;NOTISSUE;ISSUE;eat bruschetta day be devine
447;ISSUE;NOTISSUE;price get
448;ISSUE;NOTISSUE;appetite instantly go
449;NOTISSUE;ISSUE;be impressive place have not close down
450;NOTISSUE;ISSUE;happen be pretty off put
451;NOTISSUE;ISSUE;rave review not wait eat
452;ISSUE;NOTISSUE;want like place
453;ISSUE;NOTISSUE;ambiance not feel like buffet set
454;NOTISSUE;ISSUE;time eat here see care teamwork professional degree
455;ISSUE;NOTISSUE;very sad
456;ISSUE;NOTISSUE;price think place have go
457;ISSUE;NOTISSUE;lady table find live green caterpillar salad
458;ISSUE;NOTISSUE;start review two star be edit give one
459;NOTISSUE;ISSUE;go place gyro
460;ISSUE;NOTISSUE;have have better bagel grocery store
461;NOTISSUE;ISSUE;seriously killer hot chai late
462;ISSUE;NOTISSUE;burger not good pizza use be amaze be doughy flavourless
463;ISSUE;NOTISSUE;have have get better service pizza place door service receive restaurant
464;ISSUE;NOTISSUE;worker not friendly helpful menu
465;ISSUE;NOTISSUE;not good stretch imagination
466;ISSUE;NOTISSUE;buffet bellagio be far anticipate
467;ISSUE;NOTISSUE;hope experience be better
468;ISSUE;NOTISSUE;get food poison buffet
469;ISSUE;NOTISSUE;have be hilarious yummy christmas eve dinner remember be biggest failure entire trip
470;ISSUE;NOTISSUE;bring fresh batch fry be think yay warm no
471;ISSUE;NOTISSUE;definitely lose love one
472;ISSUE;NOTISSUE;find six inch long piece wire salsa
473;ISSUE;NOTISSUE;weird vibe owner
474;ISSUE;NOTISSUE;be underservices
475;ISSUE;NOTISSUE;say buffet be pricey
476;NOTISSUE;ISSUE;recently try caballero have be back week since
477;ISSUE;NOTISSUE;place deserve no star
478;ISSUE;NOTISSUE;have never have bland food surprise consider article read focus spice flavor
479;NOTISSUE;ISSUE;be no way plug go converter
480;ISSUE;NOTISSUE;have giggle plug get line right get decent volume
481;ISSUE;NOTISSUE;have dozen contact imagine fun send one one
482;NOTISSUE;ISSUE;needle say waste money
483;NOTISSUE;ISSUE;waste money time
484;NOTISSUE;ISSUE;be impress go original battery extend battery
485;ISSUE;NOTISSUE;design be odd ear clip be not comfortable all
486;NOTISSUE;ISSUE;advise do not be fool
487;ISSUE;NOTISSUE;click place way make wonder long mechanism
488;NOTISSUE;ISSUE;commercial mislead
489;NOTISSUE;ISSUE;have run new battery two bar be day charge
490;NOTISSUE;ISSUE;be unusable move car freeway speed
491;NOTISSUE;ISSUE;have two more year leave contract hate phone
492;NOTISSUE;ISSUE;poor talk time performance
493;NOTISSUE;ISSUE;be not impress product
494;NOTISSUE;ISSUE;argue version drop call return phone two day
495;NOTISSUE;ISSUE;case seem well make
496;NOTISSUE;ISSUE;good protection do not make phone bulky
497;NOTISSUE;ISSUE;phone be pretty sturdy have never have large problem it
498;NOTISSUE;ISSUE;have be happy five ten have have no complaint one sound quality end
499;NOTISSUE;ISSUE;essentially forget microsoft tech support
500;NOTISSUE;ISSUE;buy different phone not this
501;NOTISSUE;ISSUE;have hold phone particular angle party hear clearly
502;NOTISSUE;ISSUE;feel more comfortable headset wear glass get way sometimes
503;NOTISSUE;ISSUE;mic do not work
504;NOTISSUE;ISSUE;do not buy wrongly advertise
505;ISSUE;NOTISSUE;item work great break six month use
506;NOTISSUE;ISSUE;phone load super
507;ISSUE;NOTISSUE;ear bud play music one ear
508;NOTISSUE;ISSUE;do not waste money
509;NOTISSUE;ISSUE;order again
510;NOTISSUE;ISSUE;plan use car forget it
511;ISSUE;NOTISSUE;find product be way big
512;NOTISSUE;ISSUE;be huge design flaw unless be not correctly do not think be case
513;NOTISSUE;ISSUE;setup not have be simpler
514;NOTISSUE;ISSUE;get job do
515;NOTISSUE;ISSUE;be small do not realize be get use it
516;NOTISSUE;ISSUE;buyer careful
517;ISSUE;NOTISSUE;different two minute call experience five drop be area have five bar
518;NOTISSUE;ISSUE;get phone recommendation relative be glad do
519;ISSUE;NOTISSUE;be hop more
520;NOTISSUE;ISSUE;have absolutely no problem headset link eight thousand five thirty blackberry curve
521;ISSUE;NOTISSUE;have buy wire headphone sound better these
522;NOTISSUE;ISSUE;phone be fast send kind message web browse be significantly faster previous phone have use
523;NOTISSUE;ISSUE;maintain monkey not make headphone obviously do not share dna copy design human
524;NOTISSUE;ISSUE;do not work all buy see not work
525;NOTISSUE;ISSUE;be the audio quality be poor
526;NOTISSUE;ISSUE;recognize phone storage device
527;ISSUE;NOTISSUE;have have bluetooth headset time not comfortable way fit ear
528;ISSUE;NOTISSUE;be extremely rude really restaurant love dine weekend vega
529;NOTISSUE;ISSUE;nice blanket moz feel like be cover sub-par food
530;NOTISSUE;ISSUE;franc come middle day greet seat right away
531;NOTISSUE;ISSUE;be seat immediately
532;NOTISSUE;ISSUE;restaurant be never wait
533;ISSUE;NOTISSUE;be vega fine din use be right menu hand lady have no price list
534;NOTISSUE;ISSUE;lordy khan so be dish be not be miss curry lover
535;NOTISSUE;ISSUE;not weekly haunt definitely place come back while
536;ISSUE;NOTISSUE;be not sure joey be vote best hot dog valley reader phoenix magazine
537;ISSUE;NOTISSUE;have be night place
538;ISSUE;NOTISSUE;description say yum yum sauce say eel sauce say spicy mayo well none roll have sauce them
539;ISSUE;NOTISSUE;tough short flavor
540;ISSUE;NOTISSUE;vegetarian platter be world
541;NOTISSUE;ISSUE;go wrong food here
542;ISSUE;NOTISSUE;have have better not dedicate bob tea spot jenni pho
543;NOTISSUE;ISSUE;goat taco not skimp meat wow flavor
544;NOTISSUE;ISSUE;go bach burger friend recommendation be not disappoint
545;NOTISSUE;ISSUE;consider two leave happy go wrong
546;NOTISSUE;ISSUE;bread be make inhouse
547;NOTISSUE;ISSUE;not be disappoint
548;ISSUE;NOTISSUE;go far place have never see restaurant serve one egg breakfast especially
549;ISSUE;NOTISSUE;be worth drive tucson
550;ISSUE;NOTISSUE;wife have lobster bisque soup be lukewarm
551;NOTISSUE;ISSUE;come hungry leave happy stuff
552;NOTISSUE;ISSUE;assure not be disappoint
553;NOTISSUE;ISSUE;time go think quickly become regular
554;ISSUE;NOTISSUE;have try like place time think them
555;NOTISSUE;ISSUE;no complaint
556;ISSUE;NOTISSUE;order appetiser take forty minute pizza ten minute
557;NOTISSUE;ISSUE;like steiner be dark feel like bar
558;NOTISSUE;ISSUE;take business dinner dollar elsewhere
559;NOTISSUE;ISSUE;be vega buffet not disappoint
560;ISSUE;NOTISSUE;selection food be not best
561;NOTISSUE;ISSUE;be not small family restaurant be fine din establishment
562;NOTISSUE;ISSUE;be back time soon
563;NOTISSUE;ISSUE;point finger item menu order not be disappoint
564;NOTISSUE;ISSUE;have not go go now
565;NOTISSUE;ISSUE;be time wait next
566;NOTISSUE;ISSUE;terrible management
567;NOTISSUE;ISSUE;worst martini ever
568;NOTISSUE;ISSUE;yellowtail capriccio be melt mouth fresh
569;NOTISSUE;ISSUE;night be second time din be happy decide go back
570;ISSUE;NOTISSUE;dessert bite strange
571;NOTISSUE;ISSUE;not have be more please quality food service
572;NOTISSUE;ISSUE;do recommend place go wrong dont place
573;ISSUE;NOTISSUE;salad have bland vinaigrette baby green heart palm
574;ISSUE;NOTISSUE;recently witness poor quality management towards guest well
575;NOTISSUE;ISSUE;rat
576;ISSUE;NOTISSUE;look authentic thai food go where
577;ISSUE;NOTISSUE;be pale color instead nice character have no flavor
578;NOTISSUE;ISSUE;be regular stop trip phoenix
579;NOTISSUE;ISSUE;not ask more satisfy meal
580;NOTISSUE;ISSUE;make drive way north scottsdale be not one bite disappoint
581;NOTISSUE;ISSUE;grill chicken be tender yellow saffron season
582;ISSUE;NOTISSUE;grandmother make roast chicken better one
583;NOTISSUE;ISSUE;be prove dead wrong sushi bar not quality be great service be fast food impeccable
584;ISSUE;NOTISSUE;be not fun experience
585;NOTISSUE;ISSUE;chef be generous time even come twice take picture him
586;NOTISSUE;ISSUE;promise not disappoint
587;NOTISSUE;ISSUE;wait go back
588;ISSUE;NOTISSUE;staff spend more time talk me
589;NOTISSUE;ISSUE;say mouth belly please
590;NOTISSUE;ISSUE;two thumb up
591;NOTISSUE;ISSUE;one bite be hook
592;NOTISSUE;ISSUE;one nice thing be add gratuity bill party be larger six not expect more tip that
593;ISSUE;NOTISSUE;fly be apple juice fly
594;NOTISSUE;ISSUE;never have complain here
595;ISSUE;NOTISSUE;be way fry
596;NOTISSUE;ISSUE;wonton thin not thick chewy melt mouth
597;NOTISSUE;ISSUE;be town definitely be spot hit again
598;ISSUE;NOTISSUE;freeze margarita way sugary taste
599;NOTISSUE;ISSUE;do not have word say place do everything pretty well
600;NOTISSUE;ISSUE;receive pity be huge have lot meat thumb there
601;ISSUE;NOTISSUE;food arrive be me
602;NOTISSUE;ISSUE;live music totally blow
